POST NRO,SUCESO
71263708835_310239669653341,Traslado a la Clinica
71263708835_10157689377373836,Confirmación de Intento de Suicidio
71263708835_2430897753596693,Confirmación de Intento de Suicidio
71263708835_10157689601593836,Confirmación de Intento de Suicidio
71263708835_426911824739777,Confirmación de Intento de Suicidio
71263708835_10157689771738836,Confirmación de Intento de Suicidio
71263708835_384993168759830,Confirmación de Muerte
71263708835_2302198296498707,Confirmación de Muerte
71263708835_379183996260697,Confirmación de Muerte
71263708835_606516399864058,Confirmación de Muerte
71263708835_1233670346781811,Confirmación de Muerte
71263708835_643035526124744,Confirmación de Muerte
71263708835_2334657039889333,Confirmación de Muerte
71263708835_10157690605563836,Confirmación de Muerte
71263708835_2654051311276707,Confirmación de Muerte
71263708835_10157691013508836,Confirmación de Muerte
71263708835_10157690654978836,Confirmación de Muerte
71263708835_10157691061183836,Confirmación de Muerte
71263708835_10157691094928836,Confirmación de Muerte
71263708835_10157690667033836,Confirmación de Muerte
71263708835_10157691108893836,Confirmación de Muerte
71263708835_10157690691848836,Confirmación de Muerte
71263708835_10157691088443836,Confirmación de Muerte
71263708835_10157691050948836,Confirmación de Muerte
71263708835_10157691439688836,Confirmación de Muerte
71263708835_10157691493563836,Confirmación de Muerte
71263708835_10157691531273836,Confirmación de Muerte
71263708835_10157691322748836,Confirmación de Muerte
71263708835_10157691475343836,Confirmación de Muerte
71263708835_10157691109218836,Confirmación de Muerte
71263708835_10157692663068836,Confirmación de Muerte
71263708835_10157692701578836,Confirmación de Muerte
71263708835_10157692738333836,Confirmación de Muerte
71263708835_10157692926898836,Confirmación de Muerte
71263708835_10157692933883836,Velatorio Casa del Pueblo
71263708835_10157692951158836,Velatorio Casa del Pueblo
71263708835_10157693018528836,Velatorio Casa del Pueblo
71263708835_1509825649150231,Velatorio Casa del Pueblo
71263708835_10157693311303836,Velatorio Casa del Pueblo
71263708835_10157693349743836,Velatorio Casa del Pueblo
71263708835_10157693423508836,Velatorio Casa del Pueblo
71263708835_10157693448728836,Velatorio Casa del Pueblo
71263708835_458322818245664,Velatorio Casa del Pueblo
71263708835_10157693489448836,Velatorio Casa del Pueblo
71263708835_10157693515478836,Velatorio Casa del Pueblo
71263708835_10157694133878836,Velatorio Casa del Pueblo
71263708835_10157694156258836,Velatorio Casa del Pueblo
71263708835_10157693997243836,Velatorio Casa del Pueblo
71263708835_10157691277253836,Velatorio Casa del Pueblo
71263708835_10157691315508836,Velatorio Casa del Pueblo
71263708835_10157691375893836,Velatorio Casa del Pueblo
71263708835_10157691445643836,Velatorio Casa del Pueblo
71263708835_291268248463891,Velatorio Casa del Pueblo
71263708835_10157691520108836,Velatorio Casa del Pueblo
71263708835_276236269920595,Velatorio Casa del Pueblo
71263708835_10157691606808836,Velatorio Casa del Pueblo
71263708835_10157691724488836,Portadas del día
71263708835_10157691805803836,Portadas del día
71263708835_10157694964753836,Portadas del día
71263708835_10157693921458836,Portadas del día
71263708835_10157695584993836,Portadas del día
71263708835_10157695628878836,Portadas del día
71263708835_10157695645498836,Portadas del día
71263708835_10157695663618836,Portadas del día
71263708835_10157695856728836,Portadas del día
71263708835_377868469727477,Lectura de Carta de AG
71263708835_10157695939708836,Lectura de Carta de AG
71263708835_10157695948063836,Lectura de Carta de AG
71263708835_10157695968613836,Lectura de Carta de AG
71263708835_333325947386278,Lectura de Carta de AG
71263708835_10157695997953836,Lectura de Carta de AG
71263708835_2408417565837425,Lectura de Carta de AG
71263708835_10157696048608836,Lectura de Carta de AG
71263708835_10157696085233836,Lectura de Carta de AG
71263708835_10157696177958836,Lectura de Carta de AG
71263708835_10157696183503836,Lectura de Carta de AG
71263708835_10157696218683836,Ataud Sale del local APRA
71263708835_567646733744707,Ataud Sale del local APRA
71263708835_10157696413238836,Ataud Sale del local APRA
71263708835_10157696610368836,Ataud Sale del local APRA
71263708835_10157696706303836,Ataud Sale del local APRA
71263708835_10157694774933836,Ataud Sale del local APRA
71263708835_10157693801173836,Ataud Sale del local APRA
71263708835_10157696867678836,Ataud Sale del local APRA
71263708835_10157698813173836,Ataud Sale del local APRA
71263708835_10157699198273836,Ataud Sale del local APRA
71263708835_10157697537038836,Ataud Sale del local APRA
